medicine_id,medicine_name,category,horizon_days,baseline_7d_wape,baseline_7d_mae,baseline_7d_rmse,standard_xgb_wape,standard_xgb_mae,standard_xgb_rmse,hurdle_xgb_wape,hurdle_xgb_mae,hurdle_xgb_rmse,hurdle_vs_baseline_gain_pct,hurdle_vs_xgb_gain_pct
MED-ATC-M01AB,Diclofenac,Anti-inflammatory,7,0.4412,2.3141,2.9516,0.427,2.2397,2.838,0.4278,2.2436,2.8371,3.04,-0.19
MED-ATC-M01AE,Ibuprofen,Anti-inflammatory,7,0.4381,1.7879,2.2842,0.4424,1.8052,2.2559,0.4463,1.8213,2.2663,-1.87,-0.88
MED-ATC-N02BA,Aspirin,Analgesic,7,0.4932,1.8951,2.4241,0.4814,1.8499,2.3254,0.4873,1.8723,2.3419,1.2,-1.23
MED-ATC-N02BE,Paracetamol,Analgesic,7,0.316,9.7935,13.6914,0.3165,9.8097,13.8683,0.3183,9.867,13.9998,-0.73,-0.57
MED-ATC-N05B,Diazepam,Anxiolytic,7,0.5254,4.1543,5.6505,0.4889,3.8656,5.1747,0.4878,3.8568,5.1675,7.16,0.22
MED-ATC-N05C,Hypnotic/Sedative,Sedative,7,1.5825,0.7789,1.1158,2.3993,1.181,1.2906,1.0853,0.5342,1.117,31.42,54.77
MED-ATC-R03,Salbutamol,Respiratory,7,0.8073,4.6937,6.5731,0.797,4.6338,6.2548,0.7977,4.6382,6.2487,1.19,-0.09
MED-ATC-R06,Cetirizine,Antihistamine,7,0.5348,1.5682,2.1025,0.5518,1.6179,2.0636,0.5652,1.6571,2.0878,-5.68,-2.43
MED-ATC-M01AB,Diclofenac,Anti-inflammatory,14,0.437,2.2822,2.8848,0.4201,2.194,2.7717,0.4206,2.1966,2.7705,3.75,-0.12
MED-ATC-M01AE,Ibuprofen,Anti-inflammatory,14,0.4252,1.7054,2.1734,0.4259,1.7082,2.1412,0.4305,1.7267,2.1553,-1.25,-1.08
MED-ATC-N02BA,Aspirin,Analgesic,14,0.4777,1.8582,2.3767,0.4739,1.8433,2.2983,0.4792,1.8639,2.3137,-0.31,-1.12
MED-ATC-N02BE,Paracetamol,Analgesic,14,0.3206,10.0243,13.6,0.3112,9.7285,13.5668,0.3133,9.7936,13.7041,2.28,-0.67
MED-ATC-N05B,Diazepam,Anxiolytic,14,0.5256,4.2932,5.8715,0.4821,3.9378,5.335,0.4813,3.931,5.3299,8.43,0.17
MED-ATC-N05C,Hypnotic/Sedative,Sedative,14,1.4821,0.7892,1.1963,2.2404,1.193,1.3467,1.0761,0.573,1.2268,27.39,51.97
MED-ATC-R03,Salbutamol,Respiratory,14,0.8167,4.6858,6.4533,0.7944,4.5581,6.1626,0.7963,4.5688,6.158,2.5,-0.24
MED-ATC-R06,Cetirizine,Antihistamine,14,0.5566,1.6149,2.1412,0.5751,1.6687,2.1209,0.5885,1.7076,2.1451,-5.73,-2.33
MED-ATC-M01AB,Diclofenac,Anti-inflammatory,30,0.4362,2.2826,2.8813,0.419,2.1927,2.7743,0.4191,2.1931,2.7704,3.92,-0.02
MED-ATC-M01AE,Ibuprofen,Anti-inflammatory,30,0.4293,1.7308,2.2023,0.4244,1.7109,2.1416,0.4285,1.7277,2.1534,0.19,-0.97
MED-ATC-N02BA,Aspirin,Analgesic,30,0.4819,1.8725,2.38,0.4762,1.8503,2.304,0.4814,1.8703,2.3187,0.1,-1.09
MED-ATC-N02BE,Paracetamol,Analgesic,30,0.343,10.7184,14.5669,0.3187,9.961,13.9783,0.3201,10.0036,14.1036,6.68,-0.44
MED-ATC-N05B,Diazepam,Anxiolytic,30,0.5347,4.3261,5.8594,0.4877,3.9464,5.3089,0.4863,3.9348,5.2996,9.05,0.29
MED-ATC-N05C,Hypnotic/Sedative,Sedative,30,1.4979,0.7933,1.1881,2.288,1.2118,1.3699,1.0958,0.5804,1.234,26.84,52.11
MED-ATC-R03,Salbutamol,Respiratory,30,0.8413,4.8239,6.5678,0.8039,4.6095,6.2309,0.8051,4.6166,6.224,4.3,-0.15
MED-ATC-R06,Cetirizine,Antihistamine,30,0.5716,1.67,2.2309,0.5906,1.7256,2.1892,0.6039,1.7643,2.2135,-5.65,-2.25
