medicine_id,medicine_name,category,horizon_days,baseline_model,baseline_wape,baseline_mae,baseline_rmse,xgboost_wape,xgboost_mae,xgboost_rmse,abs_wape_gain,rel_wape_gain_pct
MED-ATC-M01AB,Diclofenac,Anti-inflammatory,7,7-Day Moving Average,0.4412,2.3141,2.9516,0.427,2.2397,2.838,0.0142,3.22
MED-ATC-M01AE,Ibuprofen,Anti-inflammatory,7,7-Day Moving Average,0.4381,1.7879,2.2842,0.4424,1.8052,2.2559,-0.0043,-0.98
MED-ATC-N02BA,Aspirin,Analgesic,7,7-Day Moving Average,0.4932,1.8951,2.4241,0.4814,1.8499,2.3254,0.0118,2.39
MED-ATC-N02BE,Paracetamol,Analgesic,7,7-Day Moving Average,0.316,9.7935,13.6914,0.3165,9.8097,13.8683,-0.0005,-0.16
MED-ATC-N05B,Diazepam,Anxiolytic,7,7-Day Moving Average,0.5254,4.1543,5.6505,0.4889,3.8656,5.1747,0.0365,6.95
MED-ATC-N05C,Hypnotic/Sedative,Sedative,7,7-Day Moving Average,1.5825,0.7789,1.1158,2.3993,1.181,1.2906,-0.8168,-51.61
MED-ATC-R03,Salbutamol,Respiratory,7,7-Day Moving Average,0.8073,4.6937,6.5731,0.797,4.6338,6.2548,0.0103,1.28
MED-ATC-R06,Cetirizine,Antihistamine,7,7-Day Moving Average,0.5348,1.5682,2.1025,0.5518,1.6179,2.0636,-0.017,-3.18
MED-ATC-M01AB,Diclofenac,Anti-inflammatory,14,7-Day Moving Average,0.437,2.2822,2.8848,0.4201,2.194,2.7717,0.0169,3.87
MED-ATC-M01AE,Ibuprofen,Anti-inflammatory,14,7-Day Moving Average,0.4252,1.7054,2.1734,0.4259,1.7082,2.1412,-0.0007,-0.16
MED-ATC-N02BA,Aspirin,Analgesic,14,7-Day Moving Average,0.4777,1.8582,2.3767,0.4739,1.8433,2.2983,0.0038,0.8
MED-ATC-N02BE,Paracetamol,Analgesic,14,7-Day Moving Average,0.3206,10.0243,13.6,0.3112,9.7285,13.5668,0.0094,2.93
MED-ATC-N05B,Diazepam,Anxiolytic,14,7-Day Moving Average,0.5256,4.2932,5.8715,0.4821,3.9378,5.335,0.0435,8.28
MED-ATC-N05C,Hypnotic/Sedative,Sedative,14,7-Day Moving Average,1.4821,0.7892,1.1963,2.2404,1.193,1.3467,-0.7583,-51.16
MED-ATC-R03,Salbutamol,Respiratory,14,7-Day Moving Average,0.8167,4.6858,6.4533,0.7944,4.5581,6.1626,0.0223,2.73
MED-ATC-R06,Cetirizine,Antihistamine,14,7-Day Moving Average,0.5566,1.6149,2.1412,0.5751,1.6687,2.1209,-0.0185,-3.32
MED-ATC-M01AB,Diclofenac,Anti-inflammatory,30,7-Day Moving Average,0.4362,2.2826,2.8813,0.419,2.1927,2.7743,0.0172,3.94
MED-ATC-M01AE,Ibuprofen,Anti-inflammatory,30,7-Day Moving Average,0.4293,1.7308,2.2023,0.4244,1.7109,2.1416,0.0049,1.14
MED-ATC-N02BA,Aspirin,Analgesic,30,7-Day Moving Average,0.4819,1.8725,2.38,0.4762,1.8503,2.304,0.0057,1.18
MED-ATC-N02BE,Paracetamol,Analgesic,30,7-Day Moving Average,0.343,10.7184,14.5669,0.3187,9.961,13.9783,0.0243,7.08
MED-ATC-N05B,Diazepam,Anxiolytic,30,7-Day Moving Average,0.5347,4.3261,5.8594,0.4877,3.9464,5.3089,0.047,8.79
MED-ATC-N05C,Hypnotic/Sedative,Sedative,30,7-Day Moving Average,1.4979,0.7933,1.1881,2.288,1.2118,1.3699,-0.7901,-52.75
MED-ATC-R03,Salbutamol,Respiratory,30,7-Day Moving Average,0.8413,4.8239,6.5678,0.8039,4.6095,6.2309,0.0374,4.45
MED-ATC-R06,Cetirizine,Antihistamine,30,7-Day Moving Average,0.5716,1.67,2.2309,0.5906,1.7256,2.1892,-0.019,-3.32
