True Department,Cardiology,Dentistry,Dermatology,ENT,Endocrinology,Gastroenterology,General Medicine,Gynecology,Hematology,Hepatology,Neurology,Ophthalmology,Orthopedics,Pediatrics,Psychiatry,Pulmonology,Urology
Cardiology,83,0,0,0,0,0,0,0,0,0,0,0,3,0,0,1,0
Dentistry,0,21,0,0,0,0,0,0,0,0,0,0,0,0,0,0,0
Dermatology,0,0,257,0,0,1,0,0,2,0,0,0,5,0,2,1,0
ENT,0,0,0,72,0,0,3,0,0,0,0,0,0,0,0,0,1
Endocrinology,0,0,0,0,9,0,1,0,0,0,1,0,3,0,1,1,1
Gastroenterology,0,0,0,0,0,74,0,0,0,0,0,0,5,0,0,1,1
General Medicine,0,1,3,0,0,0,138,1,1,0,2,1,1,0,1,2,0
Gynecology,0,0,1,0,0,0,0,14,0,0,1,0,1,0,1,0,1
Hematology,0,0,1,0,0,0,0,0,20,0,0,0,1,0,2,0,0
Hepatology,0,0,0,0,0,0,0,0,0,10,0,0,0,0,0,0,0
Neurology,0,1,1,0,1,0,1,1,0,0,116,0,5,0,10,2,1
Ophthalmology,0,0,0,0,0,0,0,0,0,0,0,76,3,0,0,0,0
Orthopedics,0,0,3,0,1,0,11,0,0,0,0,0,685,0,3,2,0
Pediatrics,1,0,0,0,0,0,0,0,0,0,1,0,0,34,1,0,0
Psychiatry,7,1,1,0,2,0,2,1,0,0,3,0,1,0,76,0,0
Pulmonology,1,0,1,0,0,0,1,0,0,0,0,0,3,2,0,183,1
Urology,0,1,0,0,0,0,0,0,0,0,0,0,0,0,0,0,18
