medicine_id,medicine_name,category,horizon_days,baseline_wape,baseline_mae,baseline_rmse,hurdle_wape,hurdle_mae,hurdle_rmse,wape_improvement_abs,wape_improvement_pct
MED-ATC-M01AB,Diclofenac,Anti-inflammatory,7,0.412,2.2183,2.9084,0.3891,2.095,2.8335,0.0229,5.56
MED-ATC-M01AE,Ibuprofen,Anti-inflammatory,7,0.4497,1.695,2.2228,0.4727,1.7817,2.359,-0.023,-5.11
MED-ATC-N02BA,Aspirin,Analgesic,7,0.4967,1.5473,1.9652,0.4827,1.5039,1.8945,0.014,2.82
MED-ATC-N02BE,Paracetamol,Analgesic,7,0.3141,8.8508,12.4047,0.2896,8.1626,11.4733,0.0245,7.8
MED-ATC-N05B,Diazepam,Anxiolytic,7,0.4105,3.4814,4.3253,0.3548,3.009,3.7989,0.0557,13.57
MED-ATC-N05C,Hypnotic/Sedative,Sedative,7,1.484,0.901,1.1654,1.2233,0.7427,1.0475,0.2607,17.57
MED-ATC-R03,Salbutamol,Respiratory,7,0.7521,5.6269,8.4885,0.7468,5.5875,8.6408,0.0053,0.7
MED-ATC-R06,Cetirizine,Antihistamine,7,0.4912,1.8804,2.4572,0.4725,1.8089,2.3805,0.0187,3.81
MED-ATC-M01AB,Diclofenac,Anti-inflammatory,14,0.4183,2.2663,2.9227,0.4068,2.2039,2.8563,0.0115,2.75
MED-ATC-M01AE,Ibuprofen,Anti-inflammatory,14,0.4446,1.7193,2.2113,0.4686,1.812,2.3488,-0.024,-5.4
MED-ATC-N02BA,Aspirin,Analgesic,14,0.5126,1.6098,2.0433,0.4996,1.569,1.9815,0.013,2.54
MED-ATC-N02BE,Paracetamol,Analgesic,14,0.3265,9.2553,12.8156,0.3051,8.6488,12.239,0.0214,6.55
MED-ATC-N05B,Diazepam,Anxiolytic,14,0.4185,3.5657,4.543,0.3781,3.2215,4.1555,0.0404,9.65
MED-ATC-N05C,Hypnotic/Sedative,Sedative,14,1.3461,0.9327,1.2033,1.1636,0.8062,1.1297,0.1825,13.56
MED-ATC-R03,Salbutamol,Respiratory,14,0.7817,5.4293,7.8315,0.764,5.3063,7.9124,0.0177,2.26
MED-ATC-R06,Cetirizine,Antihistamine,14,0.4969,1.9053,2.4887,0.482,1.8481,2.4388,0.0149,3.0
MED-ATC-M01AB,Diclofenac,Anti-inflammatory,30,0.4256,2.2826,2.9334,0.4106,2.2024,2.8576,0.015,3.52
MED-ATC-M01AE,Ibuprofen,Anti-inflammatory,30,0.4897,1.8635,2.3976,0.4963,1.8886,2.4339,-0.0066,-1.35
MED-ATC-N02BA,Aspirin,Analgesic,30,0.5062,1.5908,2.0349,0.51,1.6027,2.0089,-0.0038,-0.75
MED-ATC-N02BE,Paracetamol,Analgesic,30,0.3662,9.8725,13.8723,0.3123,8.4206,12.1381,0.0539,14.72
MED-ATC-N05B,Diazepam,Anxiolytic,30,0.4055,3.4731,4.3614,0.3736,3.2001,4.0793,0.0319,7.87
MED-ATC-N05C,Hypnotic/Sedative,Sedative,30,1.3281,0.9444,1.2013,1.1448,0.8141,1.1391,0.1833,13.8
MED-ATC-R03,Salbutamol,Respiratory,30,0.8175,5.7118,7.9994,0.7628,5.3297,7.9149,0.0547,6.69
MED-ATC-R06,Cetirizine,Antihistamine,30,0.5188,2.0741,2.7297,0.4932,1.9717,2.6205,0.0256,4.93
