symptom_text,department
"I have been experiencing a fluttering sensation in my chest accompanied by mild shortness of breath when climbing stairs.",Cardiology
"My heart feels like it is skipping beats and racing even when I am just resting on the sofa.",Cardiology
"I have a tight pressure across my chest after brisk walking and my pulse feels unusually elevated.",Cardiology
"I've noticed occasional heart palpitations and slight breathlessness during moderate physical activity.",Cardiology
"My blood pressure readings have been consistently high for the past two weeks and I feel occasional chest discomfort.",Cardiology
"I get tired very quickly and feel an uncomfortable pounding sensation in my chest whenever I exert myself.",Cardiology
"Persistent rapid pulse and general feeling of heaviness in my chest area over the last few days.",Cardiology
"I am having intermittent chest discomfort along with irregular heartbeat sensations that wake me up at night.",Cardiology
"Feeling out of breath while lying flat and noticing mild swelling around my ankles with elevated blood pressure.",Cardiology
"I feel slight chest tightness and fatigue after eating a heavy meal or walking uphill.",Cardiology
"Frequent episodes of heart racing, light breathlessness, and elevated systolic blood pressure.",Cardiology
"I've been feeling an unusual tightness in my central chest area whenever I get stressed or walk fast.",Cardiology
"My smartwatch shows my resting heart rate is over 110 bpm and I feel a continuous fluttering in my chest.",Cardiology
"Mild shortness of breath with an irregular pulse and feelings of fatigue during my morning walks.",Cardiology
"A dull ache around my chest area that worsens with exertion along with intermittent palpitations.",Cardiology
"Experienced repeated episodes of rapid heartbeat and difficulty catching my breath during normal daily chores.",Cardiology
"Chest heaviness and fluctuating high blood pressure with mild exertion intolerance.",Cardiology
"Noticeable thumping in the chest, reduced stamina, and breathlessness after mild workouts.",Cardiology
"Constant mild chest pressure that comes and goes throughout the day accompanied by fatigue.",Cardiology
"Shortness of breath on exertion with a history of hypertension and recurring palpitations.",Cardiology
"I have a red, itchy rash spreading across both of my forearms that burns when touched.",Dermatology
"A severe flare-up of dry, scaly eczema on the back of my knees and elbows that is intensely itchy.",Dermatology
"Persistent painful acne breakouts along my jawline and cheeks that are not responding to over-the-counter creams.",Dermatology
"A raised circular red lesion appeared on my lower back and is peeling at the edges.",Dermatology
"My scalp is extremely itchy with silvery flaking patches characteristic of psoriasis.",Dermatology
"Developing small red itchy bumps and hives across my torso after spending time outdoors.",Dermatology
"Dry, cracked skin on my hands that bleeds slightly in cold weather and causes intense itching.",Dermatology
"A new dark mole on my shoulder that has changed color and has irregular borders.",Dermatology
"Severe skin peeling, redness, and irritation on my face after using a new cosmetic product.",Dermatology
"Blisters and localized skin inflammation on my fingers that sting and itch continuously.",Dermatology
"Red, inflamed patches of skin with yellowish crusting around my nose and chin.",Dermatology
"Chronic itchy skin rash that flares up every evening with noticeable red welts.",Dermatology
"Discolored brownish skin patches forming on my neck and upper back that feel slightly raised.",Dermatology
"A persistent painful boil or cyst under my armpit that is red and swollen.",Dermatology
"Skin feels constantly dry, irritated, and rough with patchy red spots on my legs.",Dermatology
"A recurrent burning rash on my chest that worsens with heat and sweat.",Dermatology
"Scaly, thickened skin on my elbows with persistent itching and redness.",Dermatology
"Cluster of small itchy pimples and pustules spreading across my upper forehead.",Dermatology
"Red skin lesion that looks like a ring and is moderately itchy on my left thigh.",Dermatology
"Severe flaking and irritation around my eyebrows and hairline with redness.",Dermatology
"I have been experiencing a throbbing migraine on the left side of my head with extreme sensitivity to light.",Neurology
"Frequent episodes of dizziness and vertigo where the room feels like it is spinning when I stand up.",Neurology
"Constant dull tension headache at the back of my head and neck for the past four days.",Neurology
"Tingling sensations, pins and needles, and numbness in my left hand and fingers.",Neurology
"Involuntary muscle twitches and tremors in my right eyelid and fingers when I am resting.",Neurology
"Sharp shooting nerve pain traveling from my neck down my arm with occasional numbness.",Neurology
"Episodes of lightheadedness, unsteadiness while walking, and occasional loss of balance.",Neurology
"Severe cluster headache behind my right eye with watery eyes and nasal congestion.",Neurology
"A feeling of pins and needles across my face and occasional numbness in my lips.",Neurology
"Recurring morning headaches accompanied by mild nausea and visual aura before the pain starts.",Neurology
"Difficulty coordinating fine finger movements and a slight tremor in both hands when writing.",Neurology
"Sudden brief dizzy spells when turning my head quickly accompanied by mild disorientation.",Neurology
"Persistent burning nerve pain and numbness affecting the soles of both feet.",Neurology
"Heavy pressure feeling in my forehead and temples with trouble concentrating and brain fog.",Neurology
"Muscle spasms and involuntary twitching in my calf muscles occurring primarily at night.",Neurology
"Pulsating headache that gets worse with physical movement and makes me sensitive to sound.",Neurology
"Loss of sensation in two of my toes accompanied by tingling and unsteady gait.",Neurology
"Chronic daily headache that started after a minor neck strain and hasn't gone away.",Neurology
"Frequent dizzy spells when getting out of bed in the morning with brief visual blurring.",Neurology
"Numbness and loss of grip strength in my right hand when trying to hold objects.",Neurology
"I have sharp abdominal cramps and bloating after almost every meal I eat.",Gastroenterology
"Persistent burning sensation in my upper chest and throat due to severe acid reflux and heartburn.",Gastroenterology
"Chronic diarrhea and watery stools for the past five days with mild lower belly pain.",Gastroenterology
"Feeling constantly nauseous with occasional vomiting and a complete loss of appetite.",Gastroenterology
"Severe stomach pain in the upper right abdomen that becomes worse after eating fatty foods.",Gastroenterology
"Frequent bouts of indigestion, bloating, and excessive gas that cause abdominal discomfort.",Gastroenterology
"Stomach cramps followed by alternating bouts of constipation and diarrhea over several weeks.",Gastroenterology
"Burning gastric discomfort in my upper abdomen that feels slightly better after drinking milk.",Gastroenterology
"Persistent sour taste in my mouth, frequent belching, and painful acid regurgitation at night.",Gastroenterology
"Dull aching pain in the lower left quadrant of my abdomen accompanied by constipation.",Gastroenterology
"Feeling uncomfortably full after eating very small amounts of food along with mild nausea.",Gastroenterology
"Recurring stomach cramps, loose stools, and urgent bowel movements especially in the morning.",Gastroenterology
"Severe heartburn that wakes me up coughing and burning in my throat during sleep.",Gastroenterology
"Abdominal distension, persistent flatulence, and stomach rumbling with mild cramping.",Gastroenterology
"Upper stomach tenderness with a gnawing pain between meals and early satiety.",Gastroenterology
"Nausea after eating breakfast every day accompanied by stomach spasms and indigestion.",Gastroenterology
"Frequent loose bowel movements with abdominal bloating and intolerance to dairy products.",Gastroenterology
"Painful acid reflux that persists despite taking antacids, with discomfort behind the breastbone.",Gastroenterology
"Intermittent colicky abdominal pain around the navel that comes in waves.",Gastroenterology
"Stomach upset with persistent nausea, mild bloating, and lack of bowel regularity.",Gastroenterology
"Sharp pain in my right knee when walking downstairs and a noticeable clicking sensation in the joint.",Orthopedics
"Chronic lower back stiffness and aching that makes it difficult to bend forward or stand for long.",Orthopedics
"Deep shoulder pain when lifting my arm overhead with reduced range of motion.",Orthopedics
"Swelling, stiffness, and throbbing pain in both my wrists and knuckles every morning.",Orthopedics
"Severe pain in my right ankle after twisting it during a jog, now swollen and bruised.",Orthopedics
"Aching hip joint that makes walking limp and causes stiffness after sitting for a while.",Orthopedics
"Persistent stiffness and cracking sounds in my neck vertebrae with limited rotation.",Orthopedics
"Sharp heel pain when taking the first few steps out of bed in the morning.",Orthopedics
"Aching in my lower spine that radiates into my buttocks after sitting at my desk all day.",Orthopedics
"Swollen knee joint with fluid buildup and localized warmth after playing tennis.",Orthopedics
"Painful elbow joint that hurts when gripping objects or twisting door handles, like tennis elbow.",Orthopedics
"Stiffness in the morning affecting both knees and hips, taking over an hour to loosen up.",Orthopedics
"Dull throbbing pain in my fractured wrist area from an old injury during cold weather.",Orthopedics
"Difficulty bearing weight on my left foot due to acute pain along the arch and ankle.",Orthopedics
"Shoulder joint feels unstable and catches painfully whenever I reach behind my back.",Orthopedics
"Persistent lower back spasms that restrict my ability to turn or pick up light items.",Orthopedics
"Bilateral knee discomfort that flares up after climbing stairs or squatting.",Orthopedics
"Stiff and swollen finger joints that make opening jars and typing very painful.",Orthopedics
"Sharp shooting pain in my left calf and thigh related to a pinched nerve in my lower back.",Orthopedics
"Aching joints across my shoulders and hips with noticeable reduction in flexibility.",Orthopedics
"I have had a dry cough, low-grade fever, and general body weakness for three days.",General Medicine
"Persistent sore throat with difficulty swallowing, runny nose, and mild head congestion.",General Medicine
"Feeling exhausted and fatigued with mild chills and an overall feeling of being unwell.",General Medicine
"Seasonal viral flu symptoms including sneezing, nasal congestion, mild fever, and muscle aches.",General Medicine
"A persistent hacking cough that produces clear phlegm along with mild fatigue.",General Medicine
"Low energy levels, mild feverish feeling in the evenings, and body aches for about a week.",General Medicine
"Scratchy throat, stuffy nose, sinus pressure, and continuous sneezing since the weekend.",General Medicine
"Mild fever around 100 degrees with general malaise, tiredness, and loss of appetite.",General Medicine
"A lingering dry throat, mild chest cold, and fatigue after recovering from a viral infection.",General Medicine
"Feeling generally drained, mild headache from sinus congestion, and a persistent runny nose.",General Medicine
"Intermittent low-grade fever with night sweats and overall feeling of sluggishness.",General Medicine
"Mild flu-like illness with shivering, body aches, sore throat, and a blocked nose.",General Medicine
"Frequent bouts of sneezing, watery eyes, and itchy throat likely from a seasonal cold.",General Medicine
"Tiredness, mild body temperature elevation, and slight throat irritation for four days.",General Medicine
"A persistent cold with thick nasal drainage, mild cough, and feeling rundown.",General Medicine
"Feeling under the weather with mild fever, heavy head, and general muscular weakness.",General Medicine
"Dry irritating cough especially at night along with a hoarse voice and mild chills.",General Medicine
"General fatigue, mild fever of 99.5F, and body aches after catching a chill.",General Medicine
"Sinus discomfort, nasal drip, and mild throat inflammation with overall fatigue.",General Medicine
"Unexplained low energy, mild feverishness, and feeling washed out for the past few days.",General Medicine
